{
  "project_info": {
    "project_number": "1089401681273",
    "project_id": "sehaton-app",
    "storage_bucket": "sehaton-app.firebasestorage.app"
  },
  "client": [
    {
      "client_info": {
        "mobilesdk_app_id": "1:1089401681273:android:1decb8d5fc2e799f8faba8",
        "android_client_info": {
          "package_name": "com.sehaton.app"
        }
      },
      "oauth_client": [],
      "api_key": [
        {
          "current_key": "AIzaSyDZImjqpHfXXfkRY2k6Pd-bgXWfAfVt3as"
        }
      ],
      "services": {
        "appinvite_service": {
          "other_platform_oauth_client": []
        }
      }
    }
  ],
  "configuration_version": "1"
}